<?xml version='1.0' encoding='utf-8' ?>
<toc version="2.0">

<!-- this goes into the MVTB menu in the doc browser contents pane -->

<!-- Machine Vision Toolbox -->
<tocitem target="vision_product_page.html" image="$toolbox/matlab/icons/book_mat.gif">Machine Vision Toolbox for MATLAB

<!--INSERT_HERE-->
  <!-- Help -->

  <!-- MATLAB Functions -->
  <tocitem target="contents.html" image="$toolbox/matlab/icons/help_fx.gif" >Functions
    <tocitem target="contents.html" image="$toolbox/matlab/icons/reficon.gif">Functions by category</tocitem>
    <tocitem target="contents_alpha.html" image="$toolbox/matlab/icons/reficon.gif">Functions alphabetic order</tocitem>
  </tocitem>

  <!-- Simulink -->
  <tocitem target="simulink.html" image="$toolbox/matlab/icons/reficon.gif">Simulink</tocitem>

  <!-- Manual -->
  <tocitem target="../vision/vision.pdf" image="$toolbox/matlab/icons/reficon.gif">Manual</tocitem>

  <!-- Examples -->
  <tocitem target="./examples/examples.html" image="$toolbox/matlab/icons/demoicon.gif">Examples</tocitem>

  <!-- About -->
  <tocitem target="./introduction.html" image="$toolbox/matlab/icons/pagesicon.gif">About</tocitem>

  <!-- Acknowledgements -->
  <tocitem target="./acknowledgements.html" image="$toolbox/matlab/icons/pagesicon.gif">Acknowledgements</tocitem>

  <!-- Release Notes & Version History -->
  <tocitem target="./release.html" image="$toolbox/matlab/icons/notesicon.gif">Release Notes &amp; Version History</tocitem>
  
  <!-- Copyrights & License -->
  <tocitem target="./license.html" image="$toolbox/matlab/icons/notesicon.gif">Copyrights &amp; License</tocitem>
  
  <!-- Web Pages -->
  <tocitem target="vision_product_page.html" image="$toolbox/matlab/icons/webicon.gif">Web Pages
    <tocitem target="http://petercorke.com/wordpress/toolboxes/machine-vision-toolbox" image="$toolbox/matlab/icons/webicon.gif">Machine Vision Toolbox web page</tocitem>
    <tocitem target="http://groups.google.com/group/robotics-tool-box?hl=en" image="$toolbox/matlab/icons/webicon.gif">Robotics Toolbox discussion group</tocitem>
    <tocitem target="http://www.petercorke.com/RVC" image="$toolbox/matlab/icons/webicon.gif">Robotics, Vision &amp; Control (the book)</tocitem>
  </tocitem>

</tocitem>
</toc>
